Kode I-O,Nama Sektor, Kode sektor KSM , Klasifikasi Sektor Makro (KSM) , KSM (17 Sektor) ,1,2,3,4,5,6,7,8,9,10,11,12,13,14,15,16,17,18,19,20,21,22,23,24,25,26,27,28,29,30,31,32,33,34,35,36,37,38,39,40,41,42,43,44,45,46,47,48,49,50,51,52,53,54,55,56,57,58,59,60,61,180,301,302,303,304,305,309,310,409,509,600,700
1,Padi,A.1.a,Tanaman Pangan,"Pertanian, Kehutanan, dan Perikanan",439406.09,0,0,0,0,0,0,0,0,0,0,0,0,27908.19,2742.27,286.72,0,0,1.3,22.27,0,0,0,0,0,3718872.58,0,0,0,0.11,0,4239.76,0,0,0,0,0,0,0,0,0,0,0,0,0,6191.27,714.14,0,0,0,0,0,0,0,0,0,4959.54,1273.64,0,0,0,4206617.88,0,0,0,336035.1177,968704.3384,1304739.456,5511357.333,0,0,5511357.333,5511357.333
2,Jagung,A.1.a,Tanaman Pangan,"Pertanian, Kehutanan, dan Perikanan",0,35566.88,0,0,0,0,0,0,0,0,0,0,0,59072.24,4636.01,251.21,0,0,4.06,2.63,0,16.05,0,0,0,0,0,0,0,2477.39,0,17190.82,0,0,0,0,0,0,0,2.09,0,0,0,0,0,0,0,0,0,0,531.7,14102.73,0,0,0,0,4211.54,4954.71,282.57,251.02,0,143553.68,330696.7808,0,0,3037.164529,41615.99671,375349.942,518903.6191,0,0,518903.6191,518903.6191
3,Kedelai & kacang-kacangan,A.1.a,Tanaman Pangan,"Pertanian, Kehutanan, dan Perikanan",0,0,2186.81,0,0,0,0,0,0,0,0,0,0,1857.07,65.31,3.28,0,0,0,0,0,0,0,0,0,0,0,0,0,1003.41,0,3384.94,0,0,0,0,0,0,0,6.28,0,0,0,0,0,0,0,0,0,0,49.52,664.13,0,0,0,0,1390.59,1239.09,160.64,275.33,0,12286.4,31161.17806,0,0,42.56546225,0.000238977,31203.74376,43490.1441,0,0,43490.1441,43490.1441
4,Umbi-umbian,A.1.a,Tanaman Pangan,"Pertanian, Kehutanan, dan Perikanan",0,0,0,32703.32,0,0,0,0,0,0,0,0,0,24016.74,1039.53,87.18,0,0,0.95,0.04,0,0.25,1.43,0,0,0,0,0,0,6474.93,0,6094.55,0,0,0,0,0,0,0,2.39,0,0,0,0,0,0,0,0,0,0,689.89,19342.69,0,0,0,0,2422.27,7645.02,1490.04,35.81,0,102047.03,439208.2311,0,0,87.45546455,0.001216038,439295.6877,541342.7157,0,0,541342.7157,541342.7157
5,Sayur-sayuran,A.1.b,Tanaman Hortikultura,"Pertanian, Kehutanan, dan Perikanan",0,0,0,0,75028.56,0,0,0,0,0,0,0,0,9706.22,1.57,88.35,0,0,0,0,0,0,0,0,0,0,0,14.61,28.46,5096.47,0,4875.22,0,0,0,0,0,0,0,949.55,0,0,0,0,0,0,0,0,0,0,8819.09,29478.68,0,0,0,0,16215.73,16609.11,3458.46,316.62,0,170686.7,1317189.428,0,1221.948026,111.4531226,62398.48705,1380921.316,1551608.014,0,0,1551608.014,1551608.014
6,Buah-buahan,A.1.b,Tanaman Hortikultura,"Pertanian, Kehutanan, dan Perikanan",0,0,0,0,0,86293.68,0,0,0,0,0,0,0,7591,2.23,15.91,0,0,0.19,0,0,0,0,12.07,27.84,0.4,0,0.59,0,34.92,0.04,12122.56,463.86,84.02,5.08,0,0,0,5.93,3394.93,28.62,0.23,134.98,13.12,4.39,1612.97,69.52,3036.42,531.67,0,5069.23,8927.51,202.86,58.37,2.57,384.38,7672.2,67187.36,4191.96,651.98,0,209835.59,2124195.933,0,127372.0232,280.438515,81558.87391,2333407.268,2543242.856,0,0,2543242.856,2543242.856
7,Tanaman bahan makanan lainnya,A.1.a,Tanaman Pangan,"Pertanian, Kehutanan, dan Perikanan",0,0,0,0,0,0,25285.97,0,0,0,0,0,0,57634.85,633.91,113.32,0,0,8.78,0,0,0,0,0,0,0,0,0.68,0,165.68,0,8435.78,0,0,0,0,0,0,0,8892.56,0,0,61.44,10626.78,0,0,0,0,0,0,10.87,126.26,0,0,0,0,6560.72,1294.98,2466.06,68.47,0,122387.11,528832.3247,0,5915.747289,593.9283179,0.008066822,535342.0083,657729.1168,0,0,657729.1168,657729.1168
8,Kelapa,A.1.c,Tanaman Perkebunan,"Pertanian, Kehutanan, dan Perikanan",0,0,0,0,0,0,0,18312.92,0,0,0,0,0,0,0,25.4,0,0,0,0,0,0,0,0,0,0,145402.97,0,0,176.47,0,2191.53,0,245.94,61.66,0,0,0,39.29,19985.75,0,0,0,0,0,0,0,0,0,0,981.29,8294.48,0,0,0,0,1296.42,2047.51,1237.18,47.82,0,200346.64,114867.8162,0,79691.53869,2326.600567,24862.83129,221748.7868,422095.4302,0,0,422095.4302,422095.4302
9,Kelapa Sawit,A.1.c,Tanaman Perkebunan,"Pertanian, Kehutanan, dan Perikanan",0,0,0,0,0,0,0,0,44972.76,0,0,0,0,0,0,0,0,0,0,0,0,0,0,0,0,0,0,0,0,0,0,0,0,0,0,0,0,0,0,0,0,0,0,0,0,0,0,0,0,0,0,0,0,0,0,0,0,0,0,0,0,44972.76,1288.585621,0,829019.9224,2338.119085,163831.4399,996478.067,1041450.832,0,0,1041450.832,1041450.832
10,Kakao,A.1.c,Tanaman Perkebunan,"Pertanian, Kehutanan, dan Perikanan",0,0,0,0,0,0,0,0,0,126027,0,0,0,0,0,0,0,0,0,0,0,0,0,0,0,0,0,138182.61,0,302.85,0,6672.01,0,0,0,0,0,0,0,4731.64,0,0,0,0,0,0,0,0,0,0,0,163.7,0,0,0,0,0,45.3,0,0,0,276125.11,67.28509584,0,1631721.09,5534.799697,2928491.507,4565814.682,4841939.791,0,0,4841939.791,4841939.791
11,Kopi,A.1.c,Tanaman Perkebunan,"Pertanian, Kehutanan, dan Perikanan",0,0,0,0,0,0,0,0,0,0,4837.85,0,0,0,0,0,0,0,0,0,0,0,0,0,0,0,0,60.3,0,0,0,11684.69,0,0,0,0,0,0,0,202.96,0,0,0,0,0,0,0,0,0,0,390.74,6123.51,0,0,0,0,0,68.59,0,0,0,23368.64,64234.72978,0,3491.75972,147.58407,2176.066046,70050.13961,93418.78389,0,0,93418.78389,93418.78389
12,Cengkeh,A.1.c,Tanaman Perkebunan,"Pertanian, Kehutanan, dan Perikanan",0,0,0,0,0,0,0,0,0,0,0,5620.02,0,0,0,0,0,0,0,0,0,0,0,0,0,0,0,0,0,0,0,0,0,0,0,0,0,0,0,0,0,0,0,0,0,0,0,0,0,0,0,0,0,0,0,0,0,0,0,0,0,5620.02,8760.173729,0,394353.9881,1525.207537,307898.455,712537.8243,718157.8439,0,0,718157.8439,718157.8439
13,Komoditas perkebunan lainnya,A.1.c,Tanaman Perkebunan,"Pertanian, Kehutanan, dan Perikanan",0,0,0,0,0,0,0,0,0,0,0,0,60773.58,0,0,3.84,0,0,0,0,0,0,0,0,0,0,0,183.04,1.66,2597.98,0,78598.93,20.61,6.63,0,0,0,10.48,44314.02,26022.91,0,0,0,97.73,0,0,0,0,0,0,579.66,3646.99,0,0,0,0,731.42,105.78,28.95,0,0,217724.2,12492.21952,0,804666.5658,1284.674563,131076.147,949519.607,1167243.81,0,0,1167243.81,1167243.81
14,Sapi/kerbau dan kambing/domba,A.1.d,Peternakan,"Pertanian, Kehutanan, dan Perikanan",1200.17,300.29,24.62,257.93,4874.48,7873.56,2345.54,2156.61,862.13,23088.21,23.15,919.62,1436.62,39485.62,0,1464.75,864.37,806.67,0.11,0,0,0,378.03,0,0,0,0,0,0,554.35,0,183.38,0,0,0,0,0,5.07,0,65.82,0,0,0.23,0,0,0,0,0,0,0,0,676.15,0,0,0,0,2347.14,1.27,514.29,0,0,92710.19,496510.3897,0,3376908.874,1452.618962,0.016707308,3874871.899,3967582.085,0,0,3967582.085,3967582.085
15,Unggas,A.1.d,Peternakan,"Pertanian, Kehutanan, dan Perikanan",1165.18,390.16,35.42,300.43,5180.73,8815.03,1738.32,25.83,83.07,28575.49,3.22,608.66,530.73,1477.34,11762.53,999.44,0,0,0,0,0,0,0,0,0,0,0,0.35,0,1037.07,0,1445.51,0,0,0,0,0,0,0,923.35,0,0,0,0,0,0,0,104.45,0,0,3794.23,18288.28,0,0,0,0,5653.02,26278.97,561.73,1503.23,0,121281.78,431578.7019,0,150145.7498,4.332554128,4.32069E-05,581728.7843,703010.5665,0,0,703010.5665,703010.5665
16,Produk peternakan lainnya,A.1.d,Peternakan,"Pertanian, Kehutanan, dan Perikanan",0,0,0,0,0,0,0,0,0,0,0,0,0,8.13,112.13,1929.24,0,0,0.27,0,0,0,0,0,0,0,0,0,0,874.18,0,18387.56,0,0,0,0,0,0,0,20341.23,0,0,0,0,0,0,0,1631.4,0,0,6399.68,40877.32,0,0,0,0,1423.94,73241.61,3216.21,14362.46,0,182805.36,107677.7587,0,2486.594626,67.45867356,0.000503977,110231.8125,293037.1708,0,0,293037.1708,293037.1708
17,Kayu,A.2,Kehutanan dan Penebangan Kayu,"Pertanian, Kehutanan, dan Perikanan",0,0,0,0,40.63,448.1,0,0,0,0,0,0,24.42,2717.21,10.47,6.19,75307.6,2.35,0.76,0.21,0,0.62,0.15,0,0,0,22.22,0,39.98,5.64,0,297.43,552980.65,10201.95,2718.09,0,0,2.88,92.18,36658.14,0,0,0,244334,0,0,0,0,0,0,8.1,15.49,2125.99,0,0,42.79,26.28,49.6,5.8,0,0,928185.93,64912.77357,0,0,987.2952176,627290.5979,693190.6667,1621376.598,0,0,1621376.598,1621376.598
18,"Rotan & hasil hutan bukan kayu lainnya (damar, getah, bambu, dll.)",A.2,Kehutanan dan Penebangan Kayu,"Pertanian, Kehutanan, dan Perikanan",14.76,11.69,1.74,21.55,31,15.27,31.5,18.78,21.27,3025.91,1.05,78.68,34.4,2373.55,0,0.3,8.89,4096.9,0.57,0.59,0,0.82,53.25,0,0,0,0,0,0,7.85,0,10.61,22522.35,2645.64,9169.84,145.81,0,0,1429.76,17146.3,0,0,0,256500.08,0,0,0,0,0,0,6.24,48.68,0,0,0,0,2.73,1963.65,1.75,0,0,321443.77,11495.63783,0,0,2955.384946,69616.0759,84067.09868,405510.8666,0,0,405510.8666,405510.8666
19,Perikanan tangkap laut,A.3,Perikanan,"Pertanian, Kehutanan, dan Perikanan",0,0,0,0,0,0,0,0,0,0,0,0,0,0,270.58,1.5,0,0,201.87,18.76,0,3.53,1.94,0,0,0,0,0,30584.83,41.29,0,53.39,0,0,0,0,0,0,0,457.51,0,0,0,0,0,0,0,500.9,0,0,825.96,1408.11,0,0,0,0,1448.99,6165.85,749.23,312.82,0,43047.07,0,0,0,0,13124.0189,13124.0189,56171.08593,0,0,56171.08593,56171.08593
20,Perikanan budidaya payau/laut (tambak/keramba),A.3,Perikanan,"Pertanian, Kehutanan, dan Perikanan",0,0,0,0,0,0,0,0,0,0,0,0,0,0,220.94,0.74,0,0,0,256.48,0,0.07,0.04,0,0,0,0,0,3404.97,97.34,0,2.24,0,0,0,0,0,0,0,0,0,0,0,0,0,0,0,0,0,0,1090.15,3293.93,0,0,0,0,0,21,11,2,0,8400.92,1195.775817,0,0,0,0,1195.775817,9596.691812,0,0,9596.695628,9596.695628
21,Budidaya rumput laut,A.3,Perikanan,"Pertanian, Kehutanan, dan Perikanan",0,0,0,0,0,0,0,0,0,0,0,0,0,0,0,0,0,0,0,0,407.72,0,0.27,0,0,0,0,0,6833.55,5407.69,0,16.66,0,0,0,0,0,0,0,5168.86,0,0,0,0,0,0,0,0,0,0,1245.32,8131.81,0,0,0,0,0.4,733.2,189.9,0,0,28135.39,0,0,0,6.65133E-11,13647.07252,13647.07252,41782.45848,0,0,41782.46152,41782.46152
22,Perikanan budidaya air tawar,A.3,Perikanan,"Pertanian, Kehutanan, dan Perikanan",0,0,0,0,0,0,0,0,0,0,0,0,0,0,0,0,0,0,0,0.01,0,1578.61,3.46,0,0,0,0,0,13033.87,37.94,0,1.09,0,0,0,0,0,0,0,226.06,0,0,0,0,0,0,0,0,0,0,160.83,240.84,0,0,0,0,8.16,244.92,31.66,0,0,15567.48,23,0,0,0,0,23,15590.47624,0,0,15590.47624,15590.47624
23,Jasa pertanian/perkebunan/peternakan/perikanan/kehutanan,A.1.e,Jasa Pertanian dan Perburuan,"Pertanian, Kehutanan, dan Perikanan",129971.95,6689.39,1856.42,6609.24,17606.88,25099.25,9046.56,16773.32,15908,107283.01,185.01,12384.78,20711.81,14724.27,1061.01,477.51,30203.23,6115.05,1512.45,30.6,1208.14,71.2,2217.97,0,0,0,0,0,0,0,0,0,0,0,0,0,0,0,0,0,0,0,12.77,0,0,0,0,0,0,0,0,0,0,0,0,0,265.98,0,0,0,0,428025.79,21,0,0,0,0,21,428046.7863,0,0,428046.7863,428046.7863
24,Pertambangan dan penggalian nonlogam,B.4,Pertambangan dan Penggalian Lainnya,Pertambangan dan Penggalian,0,0,0,0,0,0,0,0.94,2.36,29.41,0.03,2,46.18,0,0,0,0,0,2.3,0,0,0,0,403370.44,0,0,5.13,0,1777.66,0,0,0.13,0,0,0,207856.5,0,0,3750.16,159036.46,0,0,2.88,4197087.53,0,163.72,0,0,0,0,0,0,0,0,0,7.68,44.18,133.21,0,0,0,4973318.9,2399999.336,0,97.294943,1291662.713,5912.860166,3697672.204,8670991.102,0,0,8670991.102,8670991.102
25,Pertambangan lainnya,B.2,Pertambangan Batubara dan Lignit,Pertambangan dan Penggalian,0,0,0,0,0,0,0,0,0,0,0,0,0,0,0,0,0,0,0,0,0,0,0,122734.01,392504.56,0,0,0.3,0,0,115.2,31.85,264.66,144.25,33.24,39026.2,0,404.21,116767.25,408469.52,5048.42,207.08,187.89,0,0,0,3765.44,3519.7,0,1710,0.01,0.31,0,0,0,0,41569.86,362.5,0,0,0,1136866.48,0,0,1294382.898,679158.8036,611845.9413,2585387.643,3722254.121,0,0,3722254.121,3722254.121
26,Penggilingan padi,C.2,Industri Makanan dan Minuman,Industri Pengolahan,0,0,0,0,0,0,0,0,0,0,0,0,0,5489.56,5534.63,716.49,0,0,0.6,3.16,0,6.75,1589.87,0,0,89215.79,0,0,0,181.25,0,5741.09,0,0,0,0,0,0,0,33.94,0,0,0,0,0,0,0,3061.16,0,0,11533.29,103945.05,0,0,0,0,3142.79,75319.3,2621.97,10289.95,0,318426.64,4512214.742,5566.356389,0,5312.143247,2265.037276,4525358.279,4843784.923,0,0,4843784.923,4843784.923
27,"Pengolahan kelapa (kopra, minyak kelapa)",C.2,Industri Makanan dan Minuman,Industri Pengolahan,0,0,0,0,0,0,0,0,0,0,0,0,0,10473.51,64.1,30.79,0,0,0,0,0,0,0,0,0,0,16730.89,0.24,17.1,26.92,0,4861.92,0,0,0,0,0,0,0,3085.21,0,0,0,0,0,0,0,0,0,0,2106.79,9905.88,0,0,0,0,57.29,2367.85,271.55,202.9,0,50202.92,309072.8832,0,0,615.4532872,0.003950235,309688.3404,359891.2599,0,0,359891.2599,359891.2599
28,Pengolahan Kakao,C.2,Industri Makanan dan Minuman,Industri Pengolahan,0,0,0,0,0,0,0,0,0,0,0,0,0,0,0,0,0,0,0,0,0,0,0,0,0,0,0,16969.6,0,198.84,0,4281.74,0,0,0,0,0,0,0,2221.52,0,0,0,0,0,0,15.17,2378.83,56.32,0,533.12,8748.83,0,0,0,0,1594.89,9047.41,29.03,739.72,0,46815,400315.6153,180.1587602,270.2381403,20219.04642,901.159277,421886.2179,468701.2187,0,0,468701.2187,468701.2187
29, Pengolahan hasil perikanan (asin/beku/olahan),C.2,Industri Makanan dan Minuman,Industri Pengolahan,0,0,0,0,0,0,0,0,0,0,0,0,0,0,0,0,0,0,0,0,0,0,0,0,0,0,0,0,1048.15,56.44,0,1820.76,0,0,0,0,0,0,0,0,0,0,0,0,0,0,0,1267.07,0,0,6148.52,26875.44,0,0,0,0,629.05,1277.42,894.9,88.92,0,40106.68,113527.5283,0,0,4088.212124,0.065733508,117615.8061,157722.4879,0,0,157722.4879,157722.4879
30,Pengolahan rumput laut,C.2,Industri Makanan dan Minuman,Industri Pengolahan,0,0,0,0,0,0,0,0,0,0,0,0,0,0,0,4.34,0,0,0,0,0,0,0,0,0,0,0,4.36,0,1906.94,0,1885.14,0,0,0,0,0,0,0,294.23,0,0,0,0,0,0,0,147.4,0,0,234.72,3945.79,0,0,0,0,77914.02,52442.84,17.01,484.11,0,139280.9,127143.7763,0,0,91.01431842,934.5061691,128169.2968,267450.2001,0,0,267450.2001,267450.2001
31,Industri Garam,C.2,Industri Makanan dan Minuman,Industri Pengolahan,0,0,0,0,0,0,0,0,0,0,0,0,0,0,0,0,0,0,0,0,0,0,0,0,0,0,0,0,821.5,19.95,17.92,0,0,0,0,0,0,0,0,0,0,0,0,0,0,0,0,0,0,0,0,0,0,0,0,0,0,0,0,0,0,859.37,2363.118509,0,0,4.904624657,8.90519E-05,2368.023223,3227.396982,0,0,3227.396982,3227.396982
32,Makanan & minuman lainnya,C.2,Industri Makanan dan Minuman,Industri Pengolahan,11909.42,38.92,0.04,0.06,16.74,1.48,3.38,0.12,10.85,27.47,0,311.67,9.68,73373.55,27814.68,807.06,3.38,0.82,1255.67,24.67,409,855.72,3625.26,3828.02,31.08,0.38,9.54,4624.43,65.05,1758.03,0.02,34638.86,1105.63,96.02,11.94,1178.59,545.44,0.19,34.04,57008.39,236.36,0.08,417.35,49.35,485.02,706.51,5446.31,4993.84,806.33,2995.67,10096.75,42363.91,4202.32,2304.52,21.4,94433.97,9490.04,50054.69,1563.38,3271.34,0,459374.44,178687.6149,0,0,5160.662601,0.038125982,183848.3156,643222.7511,0,0,643222.7511,643222.7511
33,Kayu gergajian,C.6,"Industri Kayu, Barang dari Kayu dan Gabus dan Anyaman Bambu/Rotan",Industri Pengolahan,0,0,0,0,0,0,0.9,0.08,0.77,245.55,0.43,4.53,1.4,40.48,30.03,0.64,226.81,70.78,3.84,0.36,0,0.98,12.35,45043.76,3565,0,0,0,0,0.47,0.03,286.05,75104.87,13769.42,1477.7,171.93,4047.39,5.28,1891.68,43187.6,0,0,0,1200534.05,263.34,3074.73,0,0,0,39.08,21.66,3.4,802.72,0,24.61,225.12,935.95,206.99,0,700.17,0,1396022.91,-6.13524E-11,-2.14141E-11,-3.21212E-11,-1.07071E-11,-1.07236E-10,-2.32831E-10,1396022.913,0,0,1396022.913,1396022.913
34,Furnitur & kerajinan kayu (termasuk barang dari kayu),C.15,Industri Furnitur,Industri Pengolahan,0,0,0,0,0,0,0,0,0,0,0,0,0,0,0,0,0,0,0,0,0,0,0,0,0,0,0,0,0,0,0,0,0,9201.22,0,0,0,0,0,0,0,0,0,0,0,0,0,0,0,0,0,0,0,0,0,0,0,0,0,0,0,9201.22,115954.4403,0,0,0,0,115954.4403,125155.6647,0,0,125155.6647,125155.6647
35,Pengolahan & kerajinan rotan,C.6,"Industri Kayu, Barang dari Kayu dan Gabus dan Anyaman Bambu/Rotan",Industri Pengolahan,20.99,13.07,1.17,5.75,106.94,503.68,4.67,22.28,0,312.37,0.1,0,3.95,24.35,10.37,2.5,194.5,30.62,1.45,0.1,0,0.15,2.59,38787.56,82.99,0.28,11.15,0,19.38,3.38,0,33.89,684.17,178.85,612.62,19.08,0.36,50.83,2621.21,1565.27,0,0,0,11370.18,26.71,7387.27,0,0,0,1527.92,0.64,8.94,2774.2,0.6,0,30.85,23.41,38.77,19.36,28.89,0,69170.36,-2.32831E-10,0,0,0,0,-2.32831E-10,69170.35543,0,0,69170.35543,69170.35543
36,"Barang galian bukan logam (bata, genteng, paving, dll.)",C.10,Industri Barang Galian bukan Logam,Industri Pengolahan,0,0,0,0,14.06,72.49,3.48,0,120.58,0,0,2172.87,0.07,7.17,4.19,0.01,0.33,0.06,0.29,0.03,0,0.08,0.23,0,0,0,0,0,0.05,0.13,1.42,0.09,0,0,0,26202.38,0,0,640.31,2896.63,0,0.56,0.04,970557.27,0,0,0,0,0,32,0.7,1.11,1.47,56.96,3221.39,524.76,7401.51,3316.07,10.6,3.1,0,1017264.45,22465.7741,3271.671831,4907.507746,1635.835915,16358.35915,48639.14875,1065903.601,0,0,1065903.601,1065903.601
37,Pencetakan & reproduksi media rekaman,C.7,Industri Kertas dan Barang dari Kertas; Percetakan,Industri Pengolahan,0,0,0,0,2.64,5.3,0.74,0.01,11.62,3.48,0,11.61,0.25,0.33,0.3,0.03,1.18,0.43,0.01,0,0,0.01,0.17,31.37,69.94,0.2,0.04,0.23,0.09,0.03,0.09,14.89,33.16,2.87,0.5,1.98,19856.93,34.13,104.74,148.69,24.39,0.14,32.14,890.38,155.53,956.65,3858.02,439.75,384.44,4914.5,6.41,10.42,6125.38,5687.98,17,43337.74,39352.39,37268.4,16.78,50.3,0,163866.73,145286.8579,0,54312.5377,194.0879321,0.001115287,199793.4846,363660.2147,0,0,363660.2147,363660.2147
38,Pakaian jadi / konveksi & rajutan,C.4,Industri Tekstil dan Pakaian Jadi,Industri Pengolahan,0,0,0,0,0,0,0.73,0.01,67.03,0,0,756.91,3.23,0.35,0.02,0.94,70.99,11.27,0,0,0,0.01,174.6,61.78,308.31,1.04,0.22,0.05,0.11,0.66,0.09,7.53,825.5,184.63,67.03,3.33,156.5,64668.15,405.82,2543.71,5.97,1.83,1536.28,5562.76,372.01,2158.55,4019.82,177.14,401.73,812.84,10.82,0.96,2527.16,291.31,5.08,2230.94,3470.24,10928.1,60.82,925.9,0,105820.83,396325.3029,0,0,3252.689605,0.025701637,399578.0182,505398.8483,0,0,505398.8483,505398.8483
39,"Produk logam sederhana, mesin kecil & reparasi industri",C.11,Industri Logam Dasar,Industri Pengolahan,1512.15,75.03,19.24,96.17,791.6,1813.86,320.57,257.67,13.78,18273.11,5.87,3972.99,165.08,242.14,90.44,30.79,1595.57,322.54,22.67,2.75,120.01,9.1,1573.05,193050.39,23085.12,4.16,46.09,7.63,38,51.14,28.03,687.63,5781.91,675.99,224.74,454.09,2869.28,19588.35,106414.1,26444.76,1977.82,17.48,973.35,470003.11,9643.13,38712.59,70481.2,10298.7,4517.29,18870.63,85.59,186.84,16993.56,13988.86,1734.34,9267.85,26702.97,45233.98,479.9,3407.26,0,1154354.03,114942.1288,0,542249.2501,13403.74682,0.129928168,670595.2557,1824949.285,0,0,1824949.285,1824949.285
40,Industri pengolahan lainnya,C.16,Industri Pengolahan Lainnya; Jasa Reparasi dan Pemasangan Mesin dan Peralatan,Industri Pengolahan,89980.49,10242.76,409.21,2938.24,28450.62,44281.81,6894.65,3821.1,9699.84,91120.41,223.59,23714.04,8501.41,3796.99,1096.25,426.21,6972.51,1753.89,1274.86,15.43,1000.09,2490.23,20803.68,173756.93,61483.07,1432.66,165.54,292.64,178.22,351.49,28.65,3759.15,27293.44,1910.53,798.3,8264.8,39969.8,68416.03,71316.61,247385.31,18818.45,141.07,6604.57,620798.48,48286.35,191737.95,348199.56,31381.42,19526.92,54676.84,886.28,2022.83,103814.76,30102.04,6644.45,35348.23,135949.25,339759.65,5063.37,14550.34,0,3081024.31,923098.8545,0,11383.6042,2156.794988,0,936639.2537,4017663.56,0,0,4017663.56,4017663.56
41,Pengadaan listrik dan Gas dan Air Bersih,D.1,Ketenagalistrikan,Pengadaan Listrik dan Gas,4.75,1.65,0.07,0.76,156.28,64.89,11.86,7.32,12.05,6.32,0.02,9.1,0.98,75.11,24.91,25.61,7.55,4.75,5.72,0.05,0,1.25,5.38,9281.6,1803.8,12.17,13.07,19.36,261.58,51.35,0.26,298.52,1421.77,87.76,20.4,557.68,254.25,53.5,5134.88,3394.71,10633.12,323.03,656.22,8144.74,797.8,2495.36,3044,280.29,769.82,5279.05,28582.6,47.51,14065.28,435.72,156.45,15128.03,34849.68,36112.64,668.17,6117.44,0,191680,62180.57745,0,0,0,0,62180.57745,253860.5785,0,0,253860.5785,253860.5785
42,"Pengadaan uap/air panas, udara dingin dan produk es",D.2,Pengadaan Gas dan Produksi Es,Pengadaan Listrik dan Gas,0,0,0,0,0,0,0,0,0,0,0,0,0,0,0,0,0,0,0,0,0,0,0,0,0,0,0,0,2419.91,13.06,0,0,0,0,0,0,0,0,0,0,0,87.23,0,0,0,0,0,0,0,0,0,0,0,0,0,0,0,0,0,0,0,2520.19,22087.14041,0,0,0,0,22087.14041,24607.32981,0,0,24607.32981,24607.32981
43,"Pengelolaan sampah, limbah & daur ulang",E,"Pengadaan Air, Pengelolaan Sampah, Limbah dan Daur Ulang","Pengadaan Air, Pengelolaan Sampah, Limbah dan Daur Ulang",0,0,0,0,0,0,95.54,1.04,8.06,78.71,0.08,2.68,123.63,424.76,34.72,3.26,0,0,2.85,0.47,0,0.59,1.21,522.39,9261.15,0.37,1.13,3.17,3.69,1.1,0.26,211.13,209.45,38.42,7.05,128.43,38.67,41.88,1480.68,2824.7,146.48,0.02,30183.62,5548.02,1407.82,2399.47,7530.86,192.47,216.77,13044.07,18.76,11.5,1636.56,786.62,56.9,359.39,29427.02,17878.73,1.09,506.46,0,126903.88,31129.67928,58321.31926,0,0,0.001901247,89451.00044,216354.8797,0,0,216354.8758,216354.8758
44,Konstruksi ,F,Konstruksi,Konstruksi,344.58,126.89,54.98,635.99,994.95,930.33,120.75,239.68,2418.21,26611.27,10.29,6629.95,814.99,4869.28,256.03,13.76,27705.59,9019.73,0.33,15.12,0.05,20.35,1040.04,273433,82044.83,2.76,5.62,0,10.13,0.67,4.32,121.59,1043.53,159.4,20.75,81.28,3109.76,12.87,12115.06,3916.41,4578.59,2.9,7677.5,794620.04,52275.5,127411.44,9486.15,484.39,476.12,83581.12,94.96,19.26,53606.54,76858.37,285939.3,15958.42,1279010.54,118863.9,1034.66,13566.68,0,3384501.53,75136.74446,0,25229006.15,0,0.008832887,25304142.91,28688644.43,0,0,28688644.43,28688644.43
45,Perdagangan besar (wholesale),G.2,"Perdagangan Besar dan Eceran, Bukan Mobil dan Sepeda Motor",Perdagangan Besar dan Eceran; Reparasi Mobil dan Sepeda Motor,3099.35,435.4,81.35,59.28,855.94,2639,1279.86,959.66,269.12,20170.56,12.22,4110.86,910.86,11944.9,115.6,11.24,28374.49,4055.34,15.36,7.45,0.02,24.86,1049.91,191868.18,43699.12,4.71,61.49,6.14,19.94,8.43,42.75,927.33,3624.13,664.32,87.46,485.6,742.68,565.95,69455.82,17519.02,2616.94,29.84,826.86,98275.26,71407.79,177831.05,397322.84,3530.93,1807.38,27030.68,178.59,127.7,116091.73,56025.81,7514.18,59991.97,99318.78,71509.79,1450.24,8675.69,0,1611829.73,581885.1894,0,544398.4823,0,0.016745024,1126283.688,2738113.421,0,0,2738113.421,2738113.421
46,Perdagangan eceran (retail),G.2,"Perdagangan Besar dan Eceran, Bukan Mobil dan Sepeda Motor",Perdagangan Besar dan Eceran; Reparasi Mobil dan Sepeda Motor,93819.57,10043.25,654.81,6613.77,53548.05,95553.77,16528.22,5307.73,6631.28,102730.11,1072.33,11071.05,9717.74,234791.29,43634.4,22836.44,3895,2143.94,355.76,118.74,200.73,502,9549.02,393811.06,86409.2,45090.74,19689.28,7252.67,20995.94,12556.27,26.83,44679.73,112127.41,16452.07,2454.91,21631.97,47760.9,76258.46,159901.45,270512.81,9973.82,13.94,16337.67,2857923.5,46472.39,259311.32,131193.27,19134.28,8714.65,51749.24,13138.18,135842.87,256073.2,88615.64,13650.65,55560.25,311649.19,462618.75,10483.57,30358.48,0,6847745.56,2453725.614,5798.937845,2632667.153,0,0.329770232,5092192.034,11939937.6,0,0,11939937.6,11939937.6
47,Angkutan darat,H.2,Angkutan Darat,Transportasi dan Pergudangan,14378.93,503.88,29.96,361.93,4737.02,7805.62,1341.68,4301.14,760.25,26246.03,45.85,2066.65,876.84,4569.92,930.42,965.37,4774.53,341.68,70.86,6.83,100.05,12.84,517.76,439833.53,95059.69,9229.4,905.5,525.25,1619.82,1814.07,33.23,6143.2,27890.01,3603.56,532.21,8993.57,18458.74,8583.78,38403.45,72574.63,8492.64,7.08,7574.21,1121774.01,43483.64,211130.38,38696.78,3326.81,2201.01,31387.76,808.79,6354.29,118252.49,27494.55,3854.5,22100.81,540202.49,224057.52,3790.76,6600.18,0,3231540.43,1093457.026,633.0746089,719433.7964,0,0.138756516,1813524.036,5045064.463,0,0,5045064.463,5045064.463
48,Angkutan laut dan penyeberangan,H.3/H.4,Angkutan Laut; Angkutan Sungai Danau dan Penyeberangan,Transportasi dan Pergudangan,806.6,79.61,5.52,52.2,311.61,683.89,153.95,68.18,131.57,845.04,9.15,429.59,160.77,1040.55,222.72,126.82,376.7,64.56,7.86,2.3,0.02,1.67,57.49,62531.43,70979.07,6957.2,126.92,115.05,342.14,407.09,1.99,899.59,20090.23,1879.34,216.67,818.35,1895.61,2027.81,8164.9,13165.92,1245.51,0.86,1100.36,72312.48,2681.22,7909.48,5064.88,738.89,360.88,15136.55,211.61,1496.82,18648.67,2774.21,474.61,6532.05,24464.87,13715.77,127.2,765.62,0,372020.22,139327.2826,99.0322807,159499.3267,0,0.045291645,298925.6869,670945.9036,0,0,670945.9036,670945.9036
49,Angkutan udara,H.5,Angkutan Udara,Transportasi dan Pergudangan,0,0,0,0,0,0,0,0,0,0,0.02,13.61,0,139.5,67.02,9.19,0,13.13,6.4,0,0,0.99,16.13,3114.13,0,1557.04,41.16,39.08,131.16,225.41,0,581.86,5254.07,291.62,69.33,248.83,481.82,367.36,2370.23,3733.38,116.44,0.81,243.06,26001.99,632.11,3386.58,3435.08,819.19,2921.19,4104.69,73.66,385.37,792.46,482.68,117.94,224.55,64384.25,14192.45,193.47,435.8,0,141716.22,811076.7897,20.02609531,32997.59987,0,0.018026162,844094.4337,985810.6529,0,0,985810.6529,985810.6529
50,Jasa penunjang angkutan & pergudangan,H.6,Pergudangan dan Jasa Penunjang Angkutan; Pos dan Kurir,Transportasi dan Pergudangan,1470.31,55.29,3.43,35.22,290.92,2159.86,162.06,809.08,396.67,6312.51,10.61,820.59,317.54,455.7,86.75,55.35,379.23,77.94,11.9,2.68,5.01,3.1,147.47,29882.5,34307.36,1198.94,120.15,54.76,163.42,175.68,1.42,555.91,3005.99,393.52,59.23,7443.2,591.71,909.76,11903.72,15096.36,938.99,0.61,629.28,322809.45,3640.99,45322.02,228806.47,40046.95,31873.62,49134.71,92.85,648.64,10573.86,3080.04,497.36,2243.37,10140.33,12169.37,132.43,601.84,0,883316.02,507379.5673,89.69215408,146803.9528,0,0.08998872,654273.3023,1537589.323,0,0,1537589.323,1537589.323
51,Akomodasi (hotel/penginapan),I.1,Penyediaan Akomodasi,Penyediaan Akomodasi dan Makan Minum,0,0,0,0,13.26,23.34,1.41,0.16,4.33,70.69,0.02,8.62,1.53,0.73,0.22,3.62,8.54,1.73,0.01,0,0,0.05,1.17,1761.85,1829.09,1.99,17.25,14.17,14.83,28.36,0.08,304.23,176.35,27.53,5.59,37.88,180.33,17.06,1055.12,2417.71,179.84,0.23,114.75,8519.29,894.05,5692.46,7928.1,404.02,1038.13,2077.06,13.65,7.85,6684.21,3444.1,607.15,1556.88,148271.68,59509.57,560.54,4056.91,0,259589.3,21564.44619,0,0,0,3.544366284,21567.99055,281157.2916,0,0,281157.2916,281157.2916
52,Penyediaan makan minum (RM/kafe/warung),I.2,Penyediaan Makan Minum,Penyediaan Akomodasi dan Makan Minum,212.12,0.32,0.66,0.96,36.83,6.36,26.28,1.27,19.32,186.52,0.14,19.72,17.21,164.58,28.89,6.89,147.79,24.72,9.57,0.19,0,0.91,36.57,9879.96,1447.43,0.24,0.42,0.06,0.08,6,4.91,105.76,510.63,64.39,9.99,63.91,807.57,52.42,1905.77,2628.12,1501.36,60.11,2357.47,41330.85,2023.05,22006.52,9471.47,464.32,1646.59,5095.4,6.27,140.32,13579.51,6188.69,557.4,2114.27,229253.27,75925.37,276.42,2065.6,0,434499.71,707771.2024,0,0,0,0.011700622,707771.2141,1142270.92,0,0,1142270.92,1142270.92
53,Informasi & komunikasi,J,Informasi dan Komunikasi,Informasi dan Komunikasi,1449.65,53.86,5.04,44.8,369.7,1014.55,134.51,58.89,18.23,3603.98,7.18,29.19,79.96,636.5,102,125.86,3068.4,1271.83,8.43,1.49,50.01,6.93,6667.55,91081.72,48842.29,1190.62,265.67,305.66,244.25,452.84,2.48,7757.93,10237.59,1263.56,213.05,2972.45,9947.2,1876.42,38759.63,66389.43,2149.76,66.69,2080.56,411729.86,96438,221724.9,144532.37,18138.19,17890.45,87619.27,1114.5,1507.15,2118432.53,244705.38,72967.48,189989.99,706280.52,251164.22,11762.99,13191.89,0,4914098.04,3712536.571,104581.616,0,0,0.016568867,3817118.203,8731216.247,0,0,8731216.246,8731216.246
54,Jasa keuangan & asuransi,K,Jasa Keuangan dan Asuransi,Jasa Keuangan dan Asuransi,33816.44,2945.11,278.36,2357.95,10270.19,28237.8,4031.94,2744.75,5782.81,59208.47,441.9,9911.03,3696.92,26213.82,9597.56,871.69,9419.36,5083.49,339.72,36.22,0.29,335.76,6716.75,177854.54,54623.85,654.85,2523.59,614.32,1844.11,1184.11,25.25,9451.23,14884.76,1720.75,358.88,4889.91,3805.18,2833.83,29020.05,59238.09,4995.06,75.11,3045.59,341655.21,189801.48,536263.35,80635,7409.53,12238.24,37198.63,3495.7,11429.06,256234.87,444613.45,23001.59,32797.37,92680.39,130817.86,5873.34,38878.41,0,2841004.9,1175078.124,490474.0967,0,0,0.038167622,1665552.259,4506557.163,0,0,4506557.163,4506557.163
55,Real estat,L,Real Estate,Real Estate,15.59,7.03,0.69,4.88,0,0,16.07,0.73,6.89,518.19,0.19,16.05,5.91,112.11,20.28,83.62,11.47,5.1,0.13,0.03,0,0.29,1.63,128262.87,35693.88,8.24,232.78,13.15,708.27,339.99,0.59,1156.78,2009.01,289.53,51.81,3770.68,1772.06,12.92,7661.3,27982.85,2660.41,1.85,1263.43,474404.29,195483.98,484670.82,65926.14,2085.17,3956.48,19644.8,811.81,2095.11,225232.44,81397.2,22568.06,32232.04,133990.31,172082.9,6504.67,72914.18,0,2210719.68,413382.9821,2715.240321,0,0,0.001003958,416098.2234,2626817.905,0,0,2626817.905,2626817.905
56,"Jasa profesional, ilmiah, teknis, persewaan & penunjang usaha","M,N",Jasa Perusahaan,Jasa Perusahaan,321.04,42.17,7.15,35.54,150.2,1268.72,107.98,9.52,5.75,424.13,0.3,7.87,23.06,438.33,478.57,17.63,1375.7,720.5,10.13,1.38,0,4.69,515.17,134768.88,26148.72,3.07,11.86,18.63,83.98,152.61,42.35,1246.07,5919.34,576.53,137.47,202.64,1368.55,604.53,9359.5,14278.09,4584.81,57.35,981.75,264857.26,17251.18,34307.33,49775.12,5705.54,6428.19,27960.67,327.27,189.56,152530.95,53439.27,14011.73,11803.12,153440.59,140400.38,4971.99,5431.34,0,1149343.77,369333.2147,24.58986735,0,0,0.078484896,369357.8831,1518701.649,0,0,1518701.653,1518701.653
57,"Administrasi pemerintahan, pertahanan & jaminan sosial wajib",O,"Administrasi Pemerintahan, Pertahanan dan Jaminan Sosial Wajib","Administrasi Pemerintahan, Pertahanan dan Jaminan Sosial Wajib",0,0,0,0,0,0,414.43,156.03,70.72,17631.08,8.92,325.37,409.11,0,0,91.49,0,0,1.51,0,0,0,0,20374.89,10515.44,5.15,38.24,3.43,37.94,26.71,18.69,275.98,255.19,47.16,8.3,69.04,503.16,1078.46,2542.56,5335.61,3336.43,30.65,658.13,15140.69,1253.99,7444.6,33849.75,1099.17,939.83,11509.87,60.39,141.89,610495.48,15430.73,16444.66,13386.96,34111.27,47338.95,52.3,160.87,0,873131.2,260746.09,11465671,0,0,0.021500915,11726417.11,12599548.32,0,0,12599548.32,12599548.32
58,"Pendidikan, kesehatan & kegiatan sosial",P,Jasa Pendidikan,Jasa Pendidikan,236.74,9.71,0.96,6.36,0,0,15.98,0,140.3,0,0,537.13,0.33,260.01,54.88,30.91,0,0,0.56,0.26,0,0.53,6.13,13061.59,17917.66,0.76,77.54,0.9,12.66,4.27,3.94,136.25,505.69,188.4,22.23,552.05,250.71,39.37,3906.1,13190.8,444.81,7.03,212.52,16723.7,17347.54,28428.82,55590.81,3247.82,1137.61,20957.38,58.92,74.78,18536.24,111900.98,2855.2,18058.98,252547.61,189552.26,735.61,6660.26,0,796250.58,3937587.86,4532908.71,0,0,0.002969144,8470496.574,9266747.158,0,0,9266747.157,9266747.157
59,"Kesenian, hiburan & rekreasi","R,S,T,U",Jasa lainnya,Jasa lainnya,0,0,0,0,0,0,0,0,0,0,0,0,0,0,0,0,0,0,0,0,0,0,0,0,0,0,0,0,0,0,0,0,0,0,0,2.04,0,0,20.51,72.73,6.44,0.15,370.71,0,641.23,3160.6,0,0,0,1189.19,18.53,132.86,126947.35,637.02,2362.99,2111.04,3929.04,327.5,440.1,17.47,0,142387.5,111153.0803,0,0,0,0.020296627,111153.1006,253540.5967,0,0,253540.5968,253540.5968
60,Jasa-jasa lainnya,"R,S,T,U",Jasa lainnya,Jasa lainnya,1054.61,131.48,20.07,90.25,402.8,917.85,13.59,1.26,10.1,157.05,0.02,27.09,13.72,29.31,5.59,0.58,701.4,44.96,0.49,0.06,0,0.09,682.59,8088.99,1907.93,0.57,9.93,0,34.74,2.76,9.19,73.74,14.46,5.52,1.44,98.26,4.77,643.13,559.95,3881.93,1471.56,94.61,116.2,89001.69,2629.66,6062.69,22834.09,1453.93,687.09,22278.21,12.04,27.15,66304.9,4218.48,150.6,1411.97,35961.29,50843.69,779.85,9204.53,0,335186.51,529401.3034,0,0,0,0.00304718,529401.3065,864587.82,0,0,864587.8166,864587.8166
61,Sektor lain yang tidak jelas batasannya,"R,S,T,U",Jasa lainnya,Jasa lainnya,0,0,0,0,0,0,0,0,0,0,0,0,0,0,0,0,0,0,0,0,0,0,0,0,0,0,0,0,0,0,0,0,0,0,0,0,0,0,0,0,0,0,0,0,0,0,0,0,0,0,0,0,0,0,0,0,0,0,0,0,0,0,0,0,0,0,0,0,0,0,0,,0
190,Jumlah Input Antara Domestik,,,,826211.49,67763.84,5677.74,53232.59,204282.62,316529.48,70133.1,56056.14,88459.72,662812.09,6899.55,86594.53,109413.91,628187.26,112864.04,33054.02,195695.12,36084.79,5140.6,571.37,3501.14,5951.07,57450.3,2970089.43,1103648.43,3875446.31,186535.36,169327.47,86841.22,48400.01,410.03,308866.24,896260.43,67101.36,19457.49,336372.45,159419.35,249165.11,753547.78,1697652.87,86213.06,1228.57,86393.81,14959197.16,805799.91,2439661.43,1731692.36,171500.04,121528.76,601557.85,111436.89,522550.68,4324289.65,1275019.57,479459.62,669395.77,4588828.03,2928009.96,79485.51,272780.12,0,48610518.69,32890519.27,16670355.53,38779405.6,2049733.19,5079039.02,95469052.6,144079571.3,0,0,144079571.3,144079571.3
195,Pajak Dikurang Subsidi Atas Produk,,,,-5386.82,-485.97,-39.46,-606.16,-7858.67,-4205.78,-1768.84,-513.24,-703.3,-4812.4,-262.73,-445.37,-766.01,135.63,269.4,535.77,97.83,38.42,110.65,-22.98,-2.1,-17.88,-394.46,4588.1,694.13,2.77,18.02,8.86,15.28,72.96,0.46,400.86,35.65,35.17,7.84,19.16,63.05,109.27,1438.3,787.3,56.37,2.71,39.93,21821.45,355.61,3155.76,3218.64,561.63,1445.87,242.25,35.49,581.43,1143.59,319.83,214.96,181.17,3990.17,2337.49,136.93,410.19,0,21444.2,28592.75032,0,37003.29183,17.0735724,528.702082,66141.81781,87586.01451,,,,
200,Total Konsumsi Antara Impor,,,,12340.12,5054.15,1717.4,8362.89,127611.53,90050.17,27600.6,21,86275.53,195364.71,12443.61,22880.23,114864.05,212742.42,31658.12,50065.73,286815.02,8606.33,2189.91,990.66,26.3,1013.04,830.68,0,615845.13,626104.23,92209.41,279920.44,31580.48,79330.29,2,123663.14,28401.85,11496.17,23203.8,182354.12,37123.08,78979.44,479867.56,705712.48,109421.6,1072.95,570.1,973705.82,107522.51,165431.58,863226.3,165881.6,226327,117982.84,19155.06,98129.85,213,123,128378.39,307440.05,52630.12,1378907.89,3204.01,38821.66,0,9453463.14,119781.0934,2561.569904,109816.8319,2411.570437,0,234571.0656,9688034.205,,,,
201,Kompensasi Tenaga Kerja,,,,1960557.23,149512.72,9904.67,206531.1,434077.59,630727.88,183333.01,104949.93,308862.23,1847264.98,27587.74,218434.95,341998.99,1411100.25,256438.84,86278.66,491312.32,139860.14,16926.88,2541.88,22919.23,1979.87,125670.01,2141410.6,464018.26,129177.22,17889.59,6094.8,8539.04,38637.08,17.01,48825.67,172903.02,17103.37,10537.69,278384.09,71379.31,69045.76,252335.96,478272.26,13001.63,4579.33,46505.51,6162013.83,845821.9,3993518.83,831165.75,125465.62,228595.63,308189.59,57290.28,270076.47,1283480.01,1168817.11,185104.08,202997.3,6823730.59,3529859.27,55606.23,329420.22,0,39648581,,,,,,,,,,,
202,Surplus Usaha Bruto,,,,2692900.99,294237.67,26094.62,270351.2,789047.15,1494097.58,375403.81,261110.62,555812.51,2122133.85,45799.58,388774.05,598776.6,1706840.99,301165.84,122774.05,640110.23,218841.75,31499.3,5443.46,14995.04,6648.54,242855.53,3534133.68,1525726.96,212968.53,62836.6,13102.53,30578.27,99940.01,2797.09,159143.77,275130.15,28839,15654.31,265580.91,91121.69,106951.51,332415.72,1116547.45,45033.77,17672.31,82495.95,6524724.23,971516.95,5300224.97,1601283.75,205502.86,400321,504580.2,90207.13,249043.19,3095384.42,2053751.19,1774744.11,334911.01,1130369.41,1421646.51,114669.58,221004.44,0,47218270.13,,,,,,,,,,,
203,Pajak Dikurang Subsidi Lainnya Atas Produksi,,,,24734.32,2821.22,135.18,3471.1,4447.79,16043.53,3027.44,470.98,2744.15,19176.56,951.04,1919.45,2956.28,8575.54,614.32,328.94,7346.07,2079.43,303.75,72.29,342.85,15.83,1634.73,20769.29,12321.21,85.86,402.29,247.12,168.21,1069.86,0.81,2323.08,23291.81,580.59,309.22,3192.87,4553.74,1147.76,5343.97,18691.19,134.14,51.47,349.58,47181.93,7096.55,37945.01,14477.66,2034.15,7592.39,5036.59,3032.44,1889.3,26705.58,8526.45,58916.74,3776.36,0,5986.04,438.34,2151.19,0,432033.6,,,,,,,,,,,
209,Total Input Primer,,,,4678192.54,446571.6,36134.47,480353.4,1227572.53,2140869,561764.25,366531.53,867418.89,3988575.4,74338.35,609128.46,943731.86,3126516.78,558219,209381.65,1138768.62,360781.32,48729.93,8057.64,38257.12,8644.24,370160.27,5696313.57,2002066.43,342231.61,81128.47,19444.45,39285.51,139646.95,2814.91,210292.52,471324.99,46522.97,26501.23,547157.87,167054.74,177145.03,590095.65,1613510.91,58169.55,22303.11,129351.04,12733920,1824435.39,9331688.82,2446927.16,333002.63,636509.02,817806.38,150529.85,521008.96,4405570,3231094.76,2018764.93,541684.66,7954100,4957491.82,170714.15,552575.85,0,87298884.73,,,,,,,,,,,
210,Total Input,,,,5511357.33,518903.62,43490.14,541342.72,1551608.01,2543242.86,657729.12,422095.43,1041450.83,4841939.79,93418.78,718157.84,1167243.81,3967582.08,703010.57,293037.17,1621376.6,405510.87,56171.09,9596.7,41782.46,15590.48,428046.79,8670991.1,3722254.12,4843784.92,359891.26,468701.22,157722.49,267450.2,3227.4,643222.75,1396022.91,125155.66,69170.36,1065903.6,363660.21,505398.85,1824949.29,4017663.56,253860.58,24607.33,216354.88,28688644.43,2738113.42,11939937.6,5045064.46,670945.9,985810.65,1537589.32,281157.29,1142270.92,8731216.25,4506557.16,2626817.9,1518701.65,12599548.32,9266747.16,253540.6,864587.82,0,145384310.8,,,,,,,,,,,
